Beats Per Minute (BPM),Energy,Danceability,Loudness (dB),Liveness,Valence,Length (Duration),Acousticness,Speechiness,Popularity,TopList
146,58,47,-7,25,37,183,51,3,49,0
190,53,26,-6,5,45,213,39,4,41,0
171,92,36,-6,41,52,357,3,5,78,1
117,67,60,-8,11,30,224,4,3,37,0
116,26,67,-11,7,69,234,61,4,71,0
136,14,45,-13,10,16,176,96,3,61,0
134,88,63,-5,17,49,242,4,4,40,0
129,54,56,-10,18,39,186,3,3,82,1
125,92,64,-6,33,72,234,0,4,67,0
116,78,65,-7,10,63,203,13,4,49,0
170,70,75,-9,6,87,351,18,14,42,0
117,61,53,-10,12,53,401,1,3,61,0
76,40,34,-9,11,7,291,76,4,47,0
134,56,56,-10,11,45,296,16,3,78,1
119,72,67,-8,4,83,193,4,4,67,0
153,63,57,-9,27,79,300,13,4,76,1
163,66,42,-12,18,45,168,0,7,68,0
134,75,29,-9,68,35,210,5,5,66,0
168,76,43,-9,10,51,155,0,6,35,0
172,60,53,-10,7,71,271,31,3,43,0
109,52,57,-11,13,33,252,5,3,17,0
128,93,52,-5,11,20,233,0,9,53,0
90,86,53,-3,13,44,443,0,3,46,0
82,40,65,-15,7,86,237,48,4,59,0
134,45,60,-13,10,78,174,1,3,53,0
141,93,33,-9,30,38,308,0,7,75,0
184,51,35,-8,71,22,291,40,3,51,0
84,90,57,-8,9,88,225,2,5,83,1
139,77,44,-4,11,20,346,0,3,60,0
117,58,30,-7,10,23,271,0,3,69,0
174,45,46,-11,8,42,257,16,3,74,0
170,28,47,-16,13,33,232,25,3,68,0
90,25,52,-10,14,14,222,22,3,51,0
81,76,50,-5,26,61,208,9,3,33,0
109,43,72,-12,10,67,186,7,4,47,0
78,68,66,-9,73,59,428,27,6,70,0
127,66,66,-10,8,84,225,12,10,52,0
134,86,50,-6,8,42,209,1,7,68,0
94,61,64,-13,21,89,224,25,3,69,0
99,70,69,-6,16,48,214,22,3,77,1
130,93,48,-5,31,37,232,1,5,60,0
125,77,65,-8,10,40,252,0,3,53,0
99,21,34,-17,18,29,218,40,3,70,0
106,67,56,-7,9,60,243,2,3,58,0
132,84,61,-7,8,54,236,0,4,40,0
73,28,61,-9,9,39,214,93,4,82,1
98,55,37,-8,18,11,598,21,3,55,0
115,56,78,-11,7,94,292,7,3,46,0
128,80,57,-8,9,21,281,2,3,45,0
81,90,39,-7,11,20,255,4,7,60,0
79,44,22,-9,12,13,419,50,4,52,0
80,33,49,-12,33,14,233,1,3,58,0
99,50,29,-14,11,44,344,13,4,60,0
137,72,28,-5,20,17,231,1,4,76,1
73,34,44,-13,11,30,219,48,3,58,0
120,66,79,-11,33,87,226,1,4,52,0
124,78,53,-6,16,64,247,0,5,85,1
130,73,53,-5,8,57,205,0,3,48,0
88,32,52,-11,9,18,226,33,2,48,0
96,62,41,-6,40,23,250,9,7,68,0
127,79,48,-6,45,79,323,0,3,75,0
138,89,56,-5,32,96,183,54,4,41,0
121,69,78,-7,11,70,187,52,4,44,0
123,36,30,-9,10,15,240,81,3,58,0
105,91,46,-4,36,61,258,2,6,72,0
94,77,53,-6,26,45,212,1,3,24,0
122,67,63,-7,28,48,298,64,3,43,0
102,71,71,-6,13,54,257,6,3,74,0
89,72,60,-5,11,55,216,8,3,77,1
180,63,47,-5,11,16,212,3,5,80,1
98,61,60,-12,9,89,284,18,3,82,1
133,76,41,-9,8,39,511,7,7,66,0
80,45,31,-6,13,21,250,95,3,66,0
149,20,28,-17,13,16,809,49,3,31,0
87,33,63,-15,13,64,229,83,3,39,0
127,93,42,-4,13,29,210,0,12,80,1
99,57,56,-12,12,58,251,36,3,56,0
109,90,43,-5,12,77,190,41,7,68,0
103,90,35,-6,39,53,256,0,5,73,0
104,39,69,-16,25,72,239,8,4,77,1
144,26,36,-11,11,49,179,91,3,58,0
167,64,31,-9,37,31,306,2,3,80,1
125,96,46,-5,9,37,261,0,7,44,0
122,98,71,-7,76,58,255,3,5,51,0
147,59,56,-7,4,97,198,6,3,67,0
117,85,28,-8,6,44,559,1,5,71,0
97,78,41,-9,8,71,199,31,6,71,0
119,58,73,-7,3,96,259,24,3,66,0
150,92,35,-2,34,54,226,0,5,53,0
95,47,37,-8,11,49,251,16,4,65,0
100,71,55,-8,8,30,218,6,5,60,0
119,53,47,-10,18,77,174,0,3,57,0
139,60,54,-10,13,25,387,1,3,65,0
131,50,42,-13,20,66,254,48,3,39,0
92,57,26,-8,11,15,319,4,3,47,0
73,45,53,-15,7,29,427,19,4,70,0
84,20,59,-11,9,17,255,90,3,75,0
120,76,70,-5,13,68,210,12,6,42,0
85,50,42,-11,6,27,206,55,3,44,0
125,73,41,-6,9,44,430,37,3,72,0
140,51,44,-8,13,25,245,12,3,40,0
140,43,44,-10,14,26,269,54,3,44,0
149,30,33,-7,11,14,243,78,3,67,0
155,47,34,-11,10,16,237,38,3,59,0
142,92,56,-4,28,59,235,0,3,54,0
163,51,49,-8,10,34,214,58,12,76,1
124,33,76,-10,24,24,246,73,3,75,0
68,72,60,-4,35,37,242,8,3,59,0
144,59,62,-11,5,65,253,4,3,60,0
73,26,52,-14,14,20,213,76,3,63,0
106,96,68,-6,35,61,715,18,9,27,0
80,72,51,-6,6,47,262,27,6,78,1
108,69,51,-7,17,42,194,16,2,66,0
92,88,66,-3,69,77,348,3,9,41,0
157,88,44,-5,21,51,255,0,6,64,0
87,31,27,-13,63,12,352,1,3,46,0
108,72,58,-4,24,32,236,3,3,53,0
174,61,76,-13,11,86,189,8,7,65,0
100,83,71,-5,6,97,243,39,4,66,0
127,10,34,-16,10,26,205,81,3,41,0
110,56,71,-7,12,23,223,15,6,75,0
176,47,35,-14,77,56,312,77,20,40,0
81,50,69,-7,26,47,122,68,12,70,0
107,80,82,-4,15,63,226,3,8,78,1
181,59,56,-9,20,68,306,32,3,57,0
89,55,38,-9,31,25,263,4,3,36,0
140,68,51,-3,18,36,196,28,3,64,0
81,20,37,-14,30,14,205,71,4,47,0
180,66,50,-9,21,89,240,33,4,80,1
113,93,56,-10,35,62,146,1,6,77,1
164,54,78,-6,22,68,274,3,6,48,0
99,68,62,-8,16,53,240,11,3,30,0
67,12,16,-18,16,24,195,88,4,56,0
128,78,67,-5,13,52,215,0,3,62,0
126,60,73,-10,6,96,179,40,5,23,0
131,42,88,-15,18,97,308,4,5,61,0
105,86,64,-7,87,47,250,23,7,52,0
128,46,72,-8,11,39,201,8,3,68,0
173,55,34,-8,12,36,280,33,4,54,0
120,79,66,-7,6,71,240,5,3,44,0
81,39,14,-13,10,30,404,30,5,43,0
79,60,56,-7,38,44,210,18,3,58,0
131,72,64,-7,14,80,213,1,4,67,0
94,75,65,-5,60,65,267,8,9,76,1
127,56,61,-6,4,24,297,18,3,64,0
101,42,48,-10,14,47,197,9,3,44,0
140,42,32,-11,10,29,204,55,3,49,0
145,51,52,-8,29,65,154,48,4,53,0
81,35,48,-10,12,71,120,78,3,63,0
121,73,40,-6,20,49,243,32,4,35,0
139,43,57,-9,8,36,233,60,3,54,0
131,24,75,-13,44,67,206,79,8,52,0
135,55,44,-8,54,26,347,49,3,66,0
114,83,42,-5,16,61,501,1,4,49,0
95,43,44,-15,14,20,275,8,3,75,0
177,78,39,-3,11,90,134,0,23,71,0
111,75,67,-9,29,69,261,8,3,73,0
85,60,27,-10,19,29,575,2,4,41,0
142,82,58,-7,28,73,272,18,4,76,1
130,83,55,-5,6,14,204,4,3,65,0
114,89,59,-6,51,70,312,1,3,53,0
106,85,54,-6,60,60,299,7,3,59,0
89,27,40,-17,11,49,167,72,3,63,0
99,26,71,-15,10,56,177,88,4,71,0
80,45,39,-10,19,39,240,0,3,46,0
107,43,65,-10,11,65,305,38,3,64,0
135,23,40,-9,11,28,222,89,4,61,0
104,97,39,-6,10,69,314,3,4,68,0
169,65,26,-7,12,34,288,0,4,43,0
100,45,49,-10,54,55,254,17,3,74,0
116,31,32,-9,44,18,391,48,3,51,0
144,48,34,-10,14,18,260,28,3,68,0
138,84,47,-4,16,48,220,0,3,43,0
168,94,48,-7,28,26,213,0,3,60,0
133,47,40,-8,11,39,219,33,3,71,0
111,24,60,-17,25,47,217,89,4,65,0
78,14,26,-14,10,14,345,87,3,65,0
117,62,48,-7,26,15,241,6,4,58,0
109,33,67,-17,8,49,284,61,6,63,0
131,91,47,-7,25,29,245,0,4,47,0
129,66,57,-5,12,44,242,63,5,77,1
129,49,72,-15,9,80,253,11,3,68,0
109,78,70,-8,6,39,289,9,5,70,0
131,70,32,-8,11,25,443,2,4,37,0
95,42,50,-12,20,22,242,88,3,41,0
142,28,39,-13,14,40,196,50,3,49,0
190,24,45,-14,7,30,336,55,3,77,1
91,46,55,-9,10,54,325,34,3,60,0
92,84,41,-6,37,39,242,3,5,55,0
108,44,50,-10,13,71,169,67,3,57,0
129,44,54,-9,40,37,215,61,5,44,0
117,49,52,-8,6,48,173,25,3,72,0
141,92,58,-5,20,77,177,0,6,40,0
84,37,54,-10,8,24,279,69,3,72,0
128,71,73,-6,10,97,240,14,3,84,1
110,58,55,-13,4,46,298,19,3,74,0
94,13,60,-21,11,11,511,93,3,44,0
199,36,28,-13,14,33,205,61,4,33,0
122,56,78,-8,7,76,232,11,10,76,1
93,37,48,-8,12,14,216,74,3,75,0
130,94,37,-5,19,37,256,0,7,75,0
104,37,55,-12,17,46,286,57,2,49,0
89,25,53,-15,12,24,276,71,3,60,0
172,66,45,-4,8,37,236,8,3,67,0
116,62,80,-13,32,64,199,2,5,60,0
145,91,57,-5,14,40,197,3,5,41,0
92,36,41,-13,8,27,285,83,3,63,0
138,29,27,-12,11,4,811,77,3,66,0
162,33,56,-11,11,30,236,90,3,67,0
127,62,39,-8,9,34,221,21,3,71,0
128,77,74,-6,51,61,289,9,3,69,0
103,69,44,-9,42,43,446,0,6,67,0
98,94,51,-10,14,50,394,17,4,71,0
133,43,39,-11,16,40,251,43,3,49,0
110,87,31,-6,23,23,438,0,6,55,0
117,96,57,-5,12,98,255,5,3,67,0
79,18,33,-12,12,26,217,94,3,62,0
139,67,57,-10,13,74,212,34,3,75,0
90,24,59,-11,9,26,221,91,4,78,1
117,71,66,-9,65,81,266,3,5,66,0
115,31,69,-17,10,56,266,80,3,57,0
133,32,42,-13,9,41,200,62,3,68,0
109,5,44,-16,11,31,162,88,4,49,0
149,67,29,-9,24,22,255,0,4,68,0
155,94,48,-5,41,94,138,1,4,42,0
130,49,95,-8,23,59,376,1,23,55,0
124,80,60,-7,7,62,147,4,3,66,0
114,35,50,-14,26,42,366,9,3,69,0
171,64,46,-6,19,29,229,25,6,62,0
87,25,41,-13,38,32,221,74,3,17,0
89,82,53,-6,9,69,200,1,4,16,0
77,29,59,-11,9,73,216,57,3,68,0
104,51,38,-15,54,40,355,1,5,55,0
126,95,51,-5,30,63,324,0,6,56,0
105,78,55,-6,63,81,162,42,5,76,1
76,58,35,-8,12,11,223,6,4,61,0
119,63,71,-10,10,63,222,3,3,63,0
125,76,64,-12,13,64,219,1,5,49,0
98,37,48,-15,12,17,277,66,4,40,0
113,28,33,-11,18,37,165,72,3,53,0
125,53,68,-13,6,35,266,42,9,60,0
93,51,62,-10,26,69,246,54,3,65,0
132,69,34,-9,34,21,341,0,4,32,0
116,62,49,-7,13,8,269,2,3,51,0
177,32,29,-12,12,38,201,80,3,72,0
90,100,28,-4,15,10,291,0,16,57,0
138,93,55,-4,9,81,189,4,4,59,0
130,42,53,-10,14,22,197,14,3,62,0
94,38,56,-15,14,60,207,14,3,67,0
104,72,55,-12,11,72,435,25,3,74,0
123,92,45,-5,33,8,224,0,7,68,0
92,71,56,-5,11,39,225,0,5,67,0
127,86,54,-6,25,29,299,25,4,66,0
103,59,47,-10,14,22,202,20,14,41,0
94,54,79,-7,20,89,215,9,5,49,0
112,59,30,-10,63,40,364,57,5,59,0
109,59,57,-8,69,36,306,67,6,68,0
120,78,56,-7,7,97,179,36,6,67,0
104,57,77,-6,11,61,165,9,3,36,0
106,84,70,-5,12,89,219,0,5,62,0
169,77,35,-6,2,53,210,1,4,71,0
111,54,67,-11,13,81,162,57,4,74,0
97,55,62,-8,30,31,270,19,2,66,0
123,84,47,-6,10,74,232,6,5,37,0
99,69,60,-11,33,76,206,2,3,46,0
138,74,43,-7,33,9,285,2,4,67,0
136,86,72,-8,13,93,223,4,3,77,1
100,53,56,-11,11,67,278,2,3,41,0
152,67,55,-9,5,48,270,1,5,78,1
112,61,55,-10,5,64,162,35,3,76,1
115,56,81,-5,5,97,148,16,4,73,0
155,20,42,-15,8,10,366,96,3,29,0
117,78,52,-4,11,90,236,0,4,66,0
91,59,56,-10,23,48,284,28,3,50,0
95,94,33,-3,24,30,236,1,7,78,1
152,86,46,-6,10,37,289,0,7,47,0
108,57,66,-10,12,50,240,24,3,72,0
110,86,33,-7,97,38,319,5,5,57,0
77,13,44,-19,18,13,239,81,4,51,0
95,66,56,-8,14,96,119,65,6,62,0
99,68,37,-9,9,34,368,1,3,41,0
123,59,76,-10,61,33,189,49,6,65,0
95,91,92,-2,9,31,162,3,27,70,0
90,90,47,-7,29,21,325,11,3,53,0
116,83,64,-6,19,31,263,57,5,48,0
142,66,46,-8,9,34,274,28,5,44,0
93,77,52,-11,6,93,181,14,6,42,0
75,19,49,-16,22,21,248,72,4,31,0
153,64,36,-10,13,45,272,1,4,55,0
87,11,70,-15,7,52,108,94,55,58,0
136,65,64,-6,12,76,232,43,3,49,0
111,90,64,-6,17,78,192,20,4,46,0
175,45,42,-13,10,17,219,64,4,73,0
127,46,34,-11,9,35,620,17,4,45,0
83,75,39,-7,14,27,215,78,4,57,0
125,88,60,-6,11,58,468,0,4,76,1
116,88,74,-6,42,33,317,0,4,66,0
117,65,54,-6,14,61,180,38,6,67,0
140,24,25,-14,7,21,421,68,3,46,0
71,53,52,-8,5,43,146,18,8,69,0
115,67,72,-12,5,65,231,6,4,43,0
138,64,71,-10,19,10,177,0,9,53,0
96,67,45,-9,80,58,123,9,7,65,0
133,36,59,-14,6,50,217,48,4,75,0
119,38,52,-9,10,13,270,76,4,36,0
128,87,55,-4,22,19,322,3,4,59,0
89,59,39,-11,15,30,525,19,4,49,0
133,49,52,-12,14,47,201,10,3,68,0
97,18,33,-12,9,32,126,88,3,78,1
125,6,41,-22,10,18,240,67,4,51,0
120,79,70,-7,33,56,238,19,4,47,0
128,91,60,-4,12,41,305,0,8,76,1
171,75,56,-8,15,35,240,27,31,69,0
125,74,69,-6,8,84,197,15,3,42,0
90,14,27,-16,9,13,211,93,4,46,0
127,18,56,-15,15,37,123,83,4,48,0
132,17,41,-16,11,35,229,92,4,66,0
115,39,62,-12,91,44,196,68,4,57,0
115,91,63,-7,23,81,287,4,4,56,0
97,38,40,-10,12,28,270,51,3,70,0
82,34,34,-12,12,20,483,58,3,79,1
82,48,68,-10,9,45,209,63,3,76,1
80,29,26,-10,16,25,198,14,3,59,0
80,37,56,-10,9,28,182,93,4,27,0
124,54,47,-10,27,78,383,2,15,73,0
95,56,57,-7,11,50,232,10,5,73,0
81,24,54,-17,13,57,167,69,4,63,0
102,56,78,-7,6,37,322,74,3,74,0
85,56,40,-11,59,65,276,8,5,65,0
180,76,26,-7,23,43,284,6,4,58,0
145,97,71,-5,36,90,288,8,5,73,0
79,33,40,-11,8,46,173,26,5,33,0
110,80,58,-8,5,42,226,0,4,49,0
134,34,40,-11,14,38,182,20,3,72,0
144,44,47,-11,32,31,281,60,4,52,0
188,70,31,-6,8,76,255,1,5,83,1
98,91,51,-7,17,46,206,1,4,33,0
119,65,32,-6,24,47,272,50,3,83,1
148,21,33,-18,18,28,187,84,3,62,0
127,37,47,-13,8,17,382,15,3,75,0
112,69,50,-7,22,36,296,19,6,70,0
95,72,48,-7,19,56,370,73,3,71,0
120,79,54,-6,17,48,290,0,3,54,0
119,91,28,-6,18,26,270,3,11,70,0
125,54,68,-10,6,96,357,22,3,69,0
100,73,39,-8,10,62,272,0,3,60,0
126,73,70,-12,3,95,255,15,3,57,0
87,78,36,-8,38,58,236,1,4,53,0
178,34,39,-10,25,48,303,65,3,80,1
74,63,46,-7,40,59,239,9,2,63,0
85,35,56,-13,14,46,264,6,5,81,1
123,13,50,-18,36,21,401,35,8,51,0
100,33,43,-9,14,36,206,89,3,49,0
123,69,69,-5,9,49,212,39,3,73,0
102,88,54,-6,53,59,214,2,3,34,0
112,52,46,-9,28,35,256,65,3,45,0
110,33,63,-9,11,47,193,74,3,56,0
121,73,67,-7,18,78,218,28,4,62,0
116,19,56,-13,11,12,321,73,3,53,0
110,87,51,-5,33,43,233,1,5,43,0
119,76,66,-7,9,54,478,1,4,47,0
97,69,67,-6,17,28,186,5,3,60,0
156,50,53,-11,26,79,153,48,3,54,0
142,28,59,-5,15,34,272,88,3,70,0
150,93,24,-3,97,23,185,36,8,60,0
93,46,45,-11,15,66,271,30,4,71,0
83,42,47,-10,5,50,239,52,3,66,0
108,39,80,-15,5,74,349,5,4,51,0
128,37,61,-9,11,35,226,84,3,64,0
105,32,57,-17,9,39,254,68,11,75,0
127,60,62,-9,7,96,179,72,3,73,0
85,43,67,-10,13,34,190,12,12,79,1
186,40,32,-9,22,23,296,63,4,35,0
75,88,28,-6,40,60,341,1,4,75,0
121,67,60,-7,26,56,264,62,3,60,0
118,63,76,-8,17,96,255,46,3,60,0
134,92,59,-5,27,63,241,6,6,48,0
75,92,51,-5,40,31,272,1,9,60,0
96,66,64,-6,30,33,264,1,3,60,0
145,56,60,-7,5,33,207,0,6,47,0
144,34,64,-11,11,55,251,91,3,69,0
69,62,59,-6,13,27,186,2,11,75,0
135,43,70,-11,10,56,194,33,38,95,1
89,65,87,-5,28,67,305,30,29,76,1
138,55,33,-6,9,23,224,31,3,51,0
183,50,45,-7,11,21,266,25,3,26,0
136,93,54,-6,36,45,246,1,5,63,0
77,57,54,-8,9,73,290,1,16,66,0
87,65,61,-8,5,79,259,23,5,52,0
104,59,66,-8,35,78,158,62,3,71,0
146,34,51,-13,21,27,301,0,5,64,0
130,48,55,-8,10,18,270,48,3,50,0
95,73,53,-8,10,76,140,19,3,73,0
112,75,91,-10,4,83,234,7,25,48,0
109,68,38,-8,5,29,285,0,3,78,1
159,64,52,-5,17,32,272,39,2,52,0
105,46,52,-16,78,89,218,93,5,18,0
116,39,69,-11,12,38,213,49,3,52,0
148,41,66,-14,8,83,213,86,7,59,0
125,76,84,-5,3,60,251,6,9,60,0
85,87,42,-4,12,63,203,7,6,70,0
114,44,37,-15,67,45,198,82,8,15,0
120,74,71,-11,26,87,266,27,5,62,0
77,76,60,-7,35,72,163,71,4,66,0
108,84,72,-5,24,68,238,26,5,63,0
123,38,44,-15,5,22,236,64,4,71,0
173,96,43,-4,3,37,269,0,4,76,1
123,73,72,-6,8,62,333,21,4,56,0
107,66,45,-7,26,78,287,66,5,68,0
106,35,64,-14,7,59,233,54,3,33,0
124,56,80,-10,6,96,204,9,4,72,0
99,46,54,-9,14,14,247,0,2,45,0
142,48,57,-6,10,16,244,26,3,32,0
104,74,66,-10,12,75,330,11,3,64,0
77,51,57,-7,9,51,484,23,5,77,1
174,6,35,-17,10,30,190,98,4,70,0
72,21,46,-11,11,26,266,91,3,42,0
128,87,68,-6,37,4,304,0,4,65,0
94,70,63,-5,8,53,261,17,2,74,0
106,60,65,-13,7,91,227,22,3,75,0
127,78,71,-7,15,91,309,12,4,53,0
120,56,41,-11,16,16,311,1,3,63,0
121,32,50,-14,38,28,321,72,5,47,0
153,23,38,-12,13,15,225,85,3,61,0
120,57,61,-12,16,39,385,9,3,54,0
125,39,48,-11,12,52,269,37,3,68,0
134,32,28,-17,11,14,"1,412",37,4,58,0
105,55,52,-11,17,52,196,83,3,63,0
80,14,22,-15,11,13,267,86,3,62,0
128,76,69,-6,8,96,188,46,4,59,0
150,83,38,-7,7,45,220,0,6,49,0
84,10,55,-20,8,7,407,70,3,38,0
170,68,44,-7,9,19,295,46,3,57,0
135,83,46,-5,14,47,261,2,10,79,1
113,81,64,-8,8,82,257,16,3,65,0
156,91,48,-4,5,54,267,4,19,59,0
156,87,37,-5,8,22,308,1,4,59,0
145,43,31,-11,10,31,312,29,6,69,0
90,74,49,-5,30,36,259,26,4,78,1
136,92,37,-7,42,63,296,1,5,63,0
112,71,37,-10,13,32,488,10,6,32,0
70,59,43,-6,9,25,259,46,3,45,0
80,64,29,-9,11,23,536,2,3,80,1
131,82,60,-14,13,74,205,12,4,57,0
167,61,24,-8,22,33,258,66,3,68,0
92,69,76,-5,57,73,297,3,5,56,0
112,74,65,-7,23,52,261,18,3,16,0
115,97,60,-6,13,72,212,0,5,64,0
114,93,41,-5,60,39,163,34,10,32,0
140,21,59,-15,12,38,180,90,5,68,0
128,85,77,-6,7,87,271,21,4,78,1
160,85,55,-8,32,46,283,2,4,42,0
110,89,64,-7,16,97,199,9,3,69,0
77,56,66,-9,6,62,294,40,3,46,0
150,59,44,-7,10,25,266,15,3,50,0
95,64,30,-8,25,33,241,0,3,54,0
100,65,53,-9,11,42,179,29,4,53,0
114,71,67,-8,10,47,248,42,5,72,0
144,77,51,-6,17,57,210,0,4,36,0
86,83,41,-8,17,65,263,0,3,41,0
142,85,53,-12,30,91,239,31,4,52,0
109,88,62,-7,4,83,242,0,8,54,0
112,76,49,-6,9,44,371,0,3,75,0
179,77,51,-6,6,94,142,6,3,77,1
130,78,67,-6,12,70,264,2,4,54,0
110,53,52,-14,5,35,252,7,3,34,0
170,49,28,-8,17,53,427,16,3,66,0
137,33,51,-11,18,27,198,72,11,58,0
110,96,43,-4,17,56,186,0,4,57,0
148,76,91,-5,8,87,298,7,17,71,0
125,47,60,-14,11,53,318,70,3,37,0
123,54,45,-9,9,13,244,70,4,58,0
100,29,40,-14,11,34,182,94,3,78,1
92,76,52,-5,57,63,219,42,3,43,0
121,62,88,-9,5,30,384,0,5,63,0
131,96,62,-5,51,97,217,13,4,47,0
92,87,51,-7,5,39,266,19,5,31,0
171,50,36,-6,16,39,254,0,3,13,0
137,96,37,-5,12,21,366,0,14,69,0
116,47,74,-13,19,89,160,9,3,71,0
104,54,71,-20,9,64,93,11,4,60,0
117,18,54,-13,11,13,343,75,5,56,0
75,64,37,-6,17,20,355,0,3,65,0
147,18,36,-19,10,25,233,13,3,49,0
107,79,69,-4,58,75,206,6,17,75,0
120,91,55,-4,35,54,224,3,5,77,1
134,98,32,-4,20,17,212,4,12,54,0
94,70,83,-3,13,80,273,11,20,66,0
91,94,62,-3,17,88,269,2,5,80,1
61,25,49,-14,10,6,251,41,4,59,0
113,37,47,-5,19,22,160,25,3,55,0
98,59,82,-6,15,51,209,69,9,100,1
112,30,59,-15,13,19,278,22,3,68,0
101,83,31,-8,9,59,207,0,4,71,0
136,46,53,-6,18,29,266,70,3,64,0
71,63,51,-9,15,50,214,10,19,49,0
130,71,66,-7,7,86,122,0,9,64,0
100,38,61,-10,28,52,234,84,44,83,1
140,63,46,-6,12,10,348,5,3,61,0
75,55,48,-7,10,24,253,37,7,76,1
112,68,60,-11,30,71,258,21,3,57,0
147,31,55,-10,11,25,261,82,3,74,0
92,29,77,-17,57,51,299,3,14,74,0
129,45,75,-15,12,95,220,42,6,47,0
127,81,56,-6,29,64,233,1,3,65,0
132,41,62,-14,10,51,215,7,3,32,0
147,95,26,-6,99,61,287,0,10,39,0
128,40,40,-9,9,22,240,3,3,49,0
123,75,59,-11,34,66,339,0,3,44,0
112,78,58,-5,8,60,281,28,4,40,0
121,57,80,-13,11,96,327,45,3,41,0
143,83,44,-7,32,65,322,5,3,66,0
92,65,48,-6,55,54,301,16,3,33,0
110,71,66,-8,15,63,259,4,3,55,0
91,38,25,-14,11,51,213,14,3,60,0
87,35,27,-9,33,33,180,55,3,74,0
177,76,58,-6,25,66,201,16,12,74,0
105,68,28,-9,14,49,237,0,4,74,0
99,77,65,-7,7,68,236,0,23,75,0
166,57,32,-5,11,38,212,38,3,59,0
90,26,43,-13,9,27,259,95,5,69,0
127,33,79,-13,19,53,231,60,6,67,0
136,43,28,-7,6,7,219,28,3,55,0
119,82,88,-10,18,95,365,13,9,74,0
125,59,46,-9,10,24,284,0,3,74,0
115,72,53,-6,11,59,324,0,3,44,0
91,63,67,-12,10,86,245,1,5,54,0
184,34,38,-13,10,69,179,81,4,65,0
139,53,59,-7,29,23,241,14,3,65,0
165,56,48,-6,18,54,154,32,3,67,0
160,71,50,-8,43,33,375,8,5,45,0
102,25,96,-13,4,80,228,16,6,49,0
84,54,77,-7,13,32,280,37,10,72,0
128,79,57,-4,9,30,148,5,5,69,0
119,24,75,-15,9,43,216,83,12,68,0
102,37,82,-13,8,29,217,17,8,69,0
79,27,19,-9,13,10,263,86,4,74,0
111,57,70,-8,11,71,236,1,3,51,0
103,69,55,-4,8,56,161,10,3,42,0
106,68,63,-6,85,70,197,16,4,70,0
175,59,23,-9,13,55,204,31,4,35,0
109,60,82,-9,9,55,246,13,3,76,1
61,13,27,-14,33,18,232,94,4,38,0
121,39,72,-17,5,79,187,16,3,60,0
105,66,40,-7,23,39,217,3,3,27,0
136,99,61,-5,11,23,343,0,15,65,0
136,80,67,-5,6,79,211,1,3,56,0
108,68,61,-4,13,47,242,0,3,75,0
139,48,52,-8,9,46,247,3,3,67,0
99,47,87,-10,13,64,234,62,4,40,0
105,94,39,-7,30,27,293,0,8,75,0
181,39,36,-14,12,50,218,75,3,61,0
90,90,41,-12,41,42,334,5,41,76,1
119,25,54,-12,14,14,250,52,4,52,0
203,64,26,-10,9,38,281,20,6,74,0
100,57,74,-8,10,57,209,51,4,52,0
125,70,42,-6,33,56,204,26,3,49,0
97,55,74,-9,6,35,328,51,3,72,0
180,66,51,-7,12,46,228,3,4,79,1
120,57,51,-7,11,16,280,4,3,71,0
129,51,69,-10,46,89,125,63,3,71,0
119,88,72,-9,9,96,243,20,4,58,0
123,72,82,-9,36,69,225,4,14,71,0
118,97,57,-4,8,57,347,0,5,58,0
131,46,60,-12,22,80,204,10,4,27,0
123,73,49,-3,10,34,240,12,4,77,1
116,67,65,-11,13,59,254,5,4,50,0
168,7,17,-21,14,10,298,92,3,66,0
157,93,23,-5,93,28,403,29,17,32,0
88,20,73,-12,7,62,186,88,3,74,0
115,77,68,-6,25,71,200,11,3,63,0
70,13,35,-14,17,29,161,85,4,48,0
126,79,60,-4,13,30,245,7,10,67,0
103,31,40,-8,12,31,262,92,3,40,0
126,76,65,-8,23,61,295,1,3,62,0
167,61,38,-12,26,70,226,11,3,38,0
157,30,53,-14,11,68,201,94,3,71,0
115,8,67,-27,17,28,228,67,4,42,0
123,80,44,-5,10,52,205,5,4,66,0
131,87,70,-6,21,81,188,8,3,66,0
98,94,62,-5,7,76,176,3,3,76,1
83,25,42,-14,11,21,219,84,3,70,0
111,85,64,-8,68,84,241,22,4,54,0
74,51,36,-8,16,15,318,4,3,40,0
125,28,53,-14,18,6,659,24,3,38,0
96,21,57,-16,13,49,225,65,3,73,0
103,76,53,-7,14,84,258,6,4,33,0
120,92,46,-7,34,33,311,4,26,49,0
118,82,78,-7,8,91,358,6,3,55,0
114,39,57,-11,10,57,258,80,3,62,0
153,45,69,-13,7,70,342,3,4,51,0
112,77,65,-6,59,38,214,23,6,54,0
164,43,26,-13,19,55,198,55,3,77,1
135,58,69,-11,12,94,302,29,3,71,0
110,47,66,-16,5,66,238,2,3,57,0
160,61,36,-6,11,49,237,54,4,58,0
125,78,78,-4,8,67,204,6,13,88,1
96,68,64,-8,4,47,312,4,4,57,0
103,88,76,-9,22,95,175,36,4,73,0
166,75,70,-9,19,91,195,13,10,48,0
122,57,39,-13,9,40,502,39,5,44,0
114,85,88,-5,14,54,298,5,15,72,0
124,46,53,-10,20,22,291,8,3,32,0
171,20,34,-11,11,30,197,76,3,43,0
90,26,25,-11,14,20,159,96,3,53,0
83,53,66,-9,14,61,230,89,17,49,0
174,33,38,-13,21,20,331,74,3,39,0
82,52,48,-16,12,90,215,2,3,44,0
149,90,43,-5,61,68,167,1,5,79,1
115,88,66,-4,27,88,292,18,3,57,0
78,31,51,-10,13,22,223,93,5,47,0
105,79,58,-7,6,91,226,1,3,53,0
112,67,91,-3,24,66,290,0,7,82,1
120,93,51,-3,14,48,264,0,4,53,0
90,39,52,-7,14,24,208,54,3,83,1
133,88,46,-3,11,33,247,0,6,47,0
114,59,63,-11,5,89,342,10,3,64,0
92,81,70,-5,13,58,290,36,3,59,0
109,78,44,-5,14,61,212,14,3,47,0
125,60,48,-9,11,67,313,8,3,71,0
174,42,53,-12,8,19,411,31,3,62,0
114,71,57,-9,16,67,333,35,3,62,0
79,60,51,-9,11,40,265,44,3,66,0
130,66,44,-8,10,18,270,20,7,75,0
137,69,49,-11,28,56,489,25,4,43,0
128,64,51,-12,9,83,208,17,4,55,0
85,32,52,-11,12,27,212,70,3,51,0
100,61,70,-6,8,22,189,22,4,84,1
174,38,21,-10,30,45,191,72,3,66,0
133,33,27,-11,13,6,388,5,4,24,0
82,36,28,-12,25,36,172,65,3,30,0
116,81,79,-9,10,86,248,4,4,77,1
118,74,73,-8,21,96,237,18,4,74,0
145,91,55,-5,35,64,180,1,7,33,0
125,95,45,-5,11,62,356,9,5,73,0
102,39,48,-11,8,25,340,23,3,51,0
167,74,49,-6,11,46,255,28,4,44,0
173,87,33,-8,46,49,508,21,12,67,0
93,93,44,-3,8,40,203,1,5,62,0
130,70,68,-9,14,81,214,0,3,54,0
99,28,43,-12,12,4,280,73,3,75,0
172,76,45,-5,10,54,224,0,3,78,1
81,54,48,-11,16,58,508,49,4,69,0
107,77,60,-8,11,72,204,10,3,36,0
128,54,33,-9,21,82,146,57,4,29,0
159,84,29,-4,10,42,334,0,8,65,0
138,75,75,-7,44,83,215,29,3,63,0
117,91,50,-5,11,72,302,0,6,74,0
94,35,64,-9,11,20,204,49,3,72,0
142,36,56,-11,8,17,389,5,3,69,0
116,92,61,-4,30,96,295,16,3,70,0
156,30,40,-15,10,19,249,63,3,57,0
137,24,61,-16,11,16,331,24,3,53,0
101,94,54,-7,4,74,279,40,5,72,0
171,46,54,-10,10,80,187,19,3,71,0
159,67,43,-6,14,38,394,9,3,45,0
103,72,92,-9,10,76,237,36,10,77,1
136,33,50,-11,10,40,221,59,3,74,0
122,95,40,-6,10,58,279,0,6,75,0
95,84,60,-7,11,47,240,2,7,67,0
83,69,31,-7,11,18,278,41,3,58,0
123,59,48,-5,18,20,218,27,5,44,0
58,40,25,-9,9,11,245,45,4,52,0
118,53,67,-11,30,81,303,9,3,64,0
117,91,57,-7,6,84,207,9,4,71,0
145,28,81,-15,21,81,206,58,3,44,0
121,63,61,-8,15,90,244,34,3,73,0
111,42,56,-8,41,45,269,91,7,35,0
148,60,51,-14,81,96,312,67,10,34,0
99,29,27,-10,11,15,244,86,3,58,0
82,25,53,-16,12,34,197,52,3,61,0
123,70,61,-9,33,48,320,2,13,75,0
142,70,46,-10,9,51,428,29,7,61,0
109,78,45,-9,34,51,252,44,4,55,0
105,66,75,-6,9,86,152,19,4,67,0
114,39,63,-10,10,65,182,41,4,45,0
117,45,49,-9,62,40,266,82,3,39,0
132,88,49,-5,37,52,282,0,3,65,0
125,69,63,-10,16,89,218,12,3,59,0
100,98,27,-6,18,40,406,2,10,71,0
98,72,68,-9,13,57,225,20,6,60,0
100,63,61,-5,10,33,241,43,3,64,0
133,64,55,-9,52,55,223,41,15,40,0
168,60,58,-6,48,65,263,0,5,72,0
125,40,50,-9,12,15,225,34,3,25,0
110,35,39,-10,11,16,306,67,3,19,0
92,46,61,-14,7,81,244,71,5,76,1
125,59,38,-10,27,28,859,2,3,41,0
170,89,32,-7,9,87,221,0,4,67,0
130,51,57,-9,30,33,253,55,4,69,0
85,48,20,-5,7,17,269,47,3,68,0
96,90,47,-6,34,42,215,15,6,70,0
140,98,32,-7,9,23,166,0,17,74,0
136,77,52,-6,14,88,245,4,3,73,0
63,13,53,-16,24,58,204,61,3,78,1
100,93,64,-6,9,76,190,9,15,66,0
135,77,47,-7,11,9,347,6,5,63,0
140,51,80,-9,4,52,243,5,6,67,0
142,24,34,-11,12,19,259,92,4,48,0
119,73,87,-8,8,63,379,14,8,68,0
113,25,68,-17,8,81,310,70,3,60,0
150,79,34,-6,14,43,264,0,4,56,0
146,31,30,-11,37,46,181,87,3,69,0
112,8,53,-16,11,31,135,92,5,50,0
115,49,73,-11,9,73,227,26,3,78,1
117,79,61,-6,57,91,274,16,3,58,0
127,52,55,-13,11,60,287,34,3,40,0
102,35,67,-18,9,65,267,40,4,71,0
136,55,43,-6,11,41,272,67,3,72,0
78,20,24,-14,11,27,345,98,3,19,0
106,54,76,-10,6,96,193,79,5,64,0
137,34,54,-14,13,30,236,46,4,49,0
135,94,59,-5,7,83,224,2,4,73,0
146,69,59,-7,10,19,212,72,8,43,0
198,61,30,-7,15,33,251,6,3,32,0
130,70,66,-7,9,51,382,5,3,61,0
179,47,33,-9,32,43,336,60,3,70,0
122,40,43,-10,12,63,195,48,5,28,0
127,87,41,-6,83,65,"1,292",0,4,45,0
94,48,31,-9,8,19,331,14,3,61,0
110,53,93,-6,16,76,215,11,16,74,0
90,41,63,-13,31,70,291,6,3,41,0
125,70,63,-11,12,80,232,19,3,45,0
98,41,85,-12,9,79,227,22,7,69,0
134,51,51,-14,11,70,152,78,3,53,0
117,65,92,-3,4,85,294,2,4,81,1
137,69,55,-14,14,67,262,2,4,74,0
103,86,70,-4,10,89,298,2,3,72,0
89,76,36,-8,37,17,564,1,3,63,0
93,41,67,-12,11,36,215,65,5,60,0
127,38,56,-15,5,89,303,1,4,49,0
194,93,49,-4,37,92,203,61,7,63,0
134,51,45,-16,72,56,102,13,6,29,0
83,18,30,-11,13,9,160,85,3,57,0
130,70,48,-8,31,83,249,40,4,52,0
118,71,73,-9,8,85,291,63,3,65,0
134,38,44,-16,7,30,192,66,3,32,0
101,84,60,-13,6,64,324,4,4,57,0
137,53,60,-9,9,34,282,43,3,82,1
160,61,28,-8,11,16,290,28,4,54,0
171,73,35,-9,12,70,471,8,4,67,0
152,60,32,-6,25,18,240,11,3,30,0
114,32,50,-13,24,30,249,10,3,50,0
133,80,74,-8,19,98,239,0,4,54,0
174,96,49,-2,46,81,277,3,39,77,1
131,80,75,-5,42,37,281,24,5,55,0
93,57,58,-8,8,37,235,25,2,57,0
85,29,64,-10,18,41,258,67,4,76,1
74,17,33,-13,9,10,219,91,3,57,0
164,76,50,-8,14,58,248,0,3,40,0
94,32,48,-11,11,39,206,37,3,77,1
136,37,53,-12,9,22,284,73,4,54,0
74,30,43,-14,23,16,278,70,3,61,0
132,93,64,-6,13,90,271,14,3,64,0
122,71,66,-5,12,48,258,7,4,74,0
86,56,44,-7,25,70,144,35,3,47,0
196,93,31,-6,11,38,280,2,13,62,0
96,31,69,-19,9,52,144,17,4,62,0
204,47,24,-8,12,39,205,31,4,62,0
93,38,49,-12,10,53,150,83,3,65,0
149,88,18,-4,32,39,226,0,5,61,0
156,79,29,-6,8,51,290,0,4,75,0
81,65,52,-7,26,72,259,34,3,73,0
90,21,12,-11,13,5,223,84,4,54,0
96,77,59,-3,13,33,330,0,3,81,1
99,29,49,-8,18,4,317,65,3,37,0
134,58,30,-6,7,18,576,37,3,51,0
99,67,69,-6,12,71,255,20,5,61,0
140,57,34,-7,42,37,257,6,3,30,0
115,70,73,-8,6,41,252,0,3,52,0
116,22,28,-14,8,18,284,77,3,66,0
118,73,43,-7,17,31,241,0,4,68,0
90,40,73,-9,11,55,196,8,3,81,1
140,49,57,-11,17,73,179,2,5,20,0
90,40,62,-10,15,35,254,9,2,57,0
102,51,49,-13,7,67,208,1,6,39,0
174,44,64,-14,9,15,154,13,20,68,0
120,59,79,-9,7,73,206,9,8,61,0
110,71,80,-5,34,85,289,44,4,67,0
131,79,31,-8,11,26,201,35,5,29,0
116,39,65,-12,32,60,177,2,3,61,0
146,45,54,-9,11,14,283,46,3,69,0
171,74,69,-5,36,6,326,1,26,77,1
131,42,31,-9,8,24,242,13,3,84,1
103,48,40,-8,16,65,230,35,3,68,0
110,61,66,-10,8,77,292,6,3,69,0
86,28,32,-9,10,18,248,47,3,75,0
128,21,38,-12,11,39,215,94,3,63,0
145,91,38,-4,24,27,266,0,9,65,0
80,42,48,-11,12,51,125,46,12,76,1
104,79,59,-4,31,96,188,0,4,68,0
112,67,50,-6,22,48,179,5,3,53,0
87,38,35,-10,12,53,253,73,4,15,0
84,40,70,-14,90,82,158,56,6,27,0
149,94,53,-6,19,50,241,1,4,77,1
116,28,44,-18,18,20,238,46,4,50,0
124,46,74,-8,26,32,232,1,8,74,0
110,77,56,-7,22,71,209,0,3,48,0
205,47,38,-12,9,31,190,34,5,34,0
76,52,73,-10,7,95,173,8,32,74,0
119,75,50,-9,45,51,251,13,4,80,1
92,64,56,-8,14,61,234,49,3,42,0
98,21,61,-20,8,42,274,60,3,28,0
112,75,42,-11,7,23,170,1,5,64,0
137,90,60,-7,7,62,219,4,5,65,0
75,71,60,-4,17,55,200,39,30,78,1
203,82,27,-6,36,81,233,10,10,69,0
136,93,66,-6,70,46,212,46,16,58,0
106,68,66,-8,8,65,258,16,3,75,0
165,60,31,-6,21,16,394,10,3,73,0
123,34,45,-9,10,21,269,96,4,59,0
98,68,62,-6,8,41,190,35,2,59,0
127,49,73,-14,9,80,222,30,4,64,0
64,46,27,-7,12,17,179,38,3,66,0
112,31,62,-10,12,13,241,95,3,66,0
161,26,54,-16,8,36,394,83,5,45,0
108,70,68,-10,11,93,243,32,4,60,0
89,34,71,-7,16,49,241,79,3,50,0
119,50,75,-9,9,34,258,1,4,63,0
106,74,63,-8,17,67,276,47,4,44,0
122,65,60,-11,13,71,201,3,6,58,0
79,35,62,-14,9,66,206,46,3,46,0
137,76,60,-11,6,39,243,0,3,67,0
197,71,31,-9,26,67,151,0,10,34,0
152,88,51,-5,7,68,268,0,3,57,0
96,89,63,-6,9,81,176,5,3,55,0
106,73,79,-5,10,94,200,0,3,55,0
137,48,49,-9,24,33,227,42,3,74,0
134,66,67,-9,6,66,506,5,4,62,0
110,43,60,-10,17,27,336,29,3,49,0
114,30,70,-17,10,23,332,4,3,52,0
99,19,65,-14,13,23,231,98,3,48,0
135,66,53,-4,21,22,298,0,3,64,0
135,75,51,-7,14,28,236,0,3,47,0
102,72,50,-9,8,18,387,1,4,57,0
170,35,56,-14,20,72,247,43,3,46,0
99,56,45,-9,5,61,191,24,3,43,0
107,74,55,-7,24,90,244,4,3,52,0
83,43,48,-6,15,61,157,69,2,67,0
130,70,52,-7,13,35,268,4,4,41,0
98,58,52,-13,5,49,366,2,3,53,0
93,46,81,-13,15,74,191,78,3,70,0
88,69,43,-8,36,52,203,6,6,51,0
118,57,68,-9,9,65,313,10,3,35,0
191,93,40,-7,9,73,408,0,6,70,0
135,66,67,-5,12,56,201,4,3,82,1
93,74,67,-8,20,77,282,14,19,61,0
105,29,46,-10,18,26,197,82,3,43,0
121,41,83,-14,5,88,324,46,13,44,0
91,82,67,-7,97,80,317,10,5,40,0
135,72,27,-10,84,34,455,2,6,35,0
168,80,53,-9,31,97,162,74,7,74,0
96,35,51,-9,59,51,172,67,15,71,0
135,72,76,-8,95,51,280,5,24,47,0
92,85,68,-11,6,93,391,23,5,69,0
112,42,82,-13,8,52,276,56,3,67,0
86,42,30,-9,23,33,262,22,3,72,0
138,44,50,-8,9,14,406,48,3,63,0
120,80,71,-5,35,73,238,22,3,76,1
104,63,67,-7,9,55,248,0,3,73,0
120,60,85,-5,8,84,264,0,4,76,1
119,60,83,-14,8,92,246,18,6,62,0
151,81,58,-7,22,87,290,3,4,74,0
80,21,15,-14,12,26,293,82,3,71,0
124,39,61,-11,11,22,255,53,4,67,0
189,76,43,-8,55,66,247,2,4,57,0
90,86,57,-6,36,31,248,6,9,48,0
96,80,22,-6,9,26,291,0,4,37,0
143,43,47,-12,23,24,271,18,3,62,0
101,75,36,-9,23,42,321,0,4,40,0
121,76,61,-9,73,63,218,14,7,50,0
109,42,35,-8,10,27,199,30,3,51,0
98,73,67,-7,37,15,210,4,5,65,0
124,43,42,-12,25,4,300,68,4,44,0
148,87,73,-7,32,92,350,6,3,66,0
159,17,48,-19,12,19,228,73,5,57,0
129,82,53,-7,12,34,231,7,4,64,0
123,55,55,-11,18,42,242,85,4,36,0
65,33,31,-9,14,67,208,5,3,69,0
136,90,65,-11,15,61,222,0,4,54,0
119,81,85,-5,12,78,237,12,8,69,0
133,72,87,-10,18,97,229,9,5,61,0
113,83,67,-6,10,70,238,1,7,75,0
128,57,58,-9,36,82,248,38,3,64,0
127,41,71,-7,6,53,211,35,4,60,0
92,28,70,-15,8,45,269,68,3,68,0
115,46,83,-10,70,88,331,48,6,43,0
120,32,43,-21,98,52,193,20,17,41,0
127,35,53,-15,15,73,193,12,3,57,0
125,27,62,-17,11,34,284,88,5,48,0
81,86,44,-8,24,75,295,40,9,73,0
86,61,51,-5,8,23,295,0,2,12,0
114,19,69,-19,17,32,245,67,3,31,0
133,50,49,-10,16,83,148,74,3,56,0
106,82,58,-5,10,87,256,1,3,59,0
136,83,51,-8,12,74,513,4,8,69,0
126,88,58,-7,15,79,253,20,5,49,0
134,36,67,-9,8,29,242,57,3,76,1
91,61,74,-11,6,89,221,9,8,55,0
86,68,87,-6,9,82,268,4,32,72,0
138,87,23,-5,29,19,256,0,5,69,0
126,28,55,-11,16,30,445,47,3,52,0
117,93,52,-7,82,31,244,39,10,49,0
130,85,59,-6,27,81,161,6,3,69,0
127,90,56,-6,57,80,267,12,10,50,0
128,30,48,-9,11,30,281,85,4,43,0
111,27,90,-12,5,74,226,1,9,74,0
117,77,65,-10,36,95,242,21,3,71,0
106,68,38,-9,18,65,136,6,3,63,0
124,55,50,-7,9,63,196,68,3,62,0
122,57,87,-11,13,56,215,37,4,49,0
78,51,38,-13,21,74,331,2,4,70,0
148,70,49,-8,8,62,209,4,4,52,0
108,35,47,-11,8,28,216,72,3,69,0
160,85,58,-7,12,91,187,7,10,48,0
96,39,57,-6,23,32,216,37,3,88,1
119,50,46,-12,27,53,266,6,4,58,0
106,58,76,-13,6,94,310,1,5,68,0
134,23,35,-10,38,18,221,90,3,67,0
151,32,38,-15,8,41,966,52,4,32,0
166,29,38,-8,12,17,201,95,5,75,0
159,16,41,-22,12,42,199,88,3,77,1
144,59,38,-6,9,27,291,35,5,73,0
111,66,87,-7,14,32,269,4,8,72,0
154,58,27,-8,11,20,308,1,4,58,0
81,56,37,-11,97,42,224,75,5,54,0
74,65,62,-7,10,56,288,57,18,74,0
118,89,76,-4,85,72,358,8,7,69,0
119,53,68,-12,8,68,264,34,4,44,0
86,22,54,-18,11,31,189,74,4,51,0
76,35,61,-14,8,36,201,50,4,73,0
143,90,72,-4,7,96,189,9,10,72,0
91,30,28,-13,12,26,210,88,3,27,0
81,64,55,-10,20,61,230,0,22,74,0
127,72,68,-6,27,57,214,8,4,70,0
68,58,23,-7,9,49,292,8,3,31,0
119,47,70,-9,32,76,130,69,4,70,0
125,68,46,-9,50,68,304,25,8,57,0
76,24,18,-15,11,12,235,42,4,56,0
111,87,60,-5,11,44,215,3,3,30,0
114,89,79,-4,7,39,247,0,4,68,0
75,66,53,-6,7,76,159,43,3,70,0
108,58,74,-9,18,94,265,19,3,85,1
126,31,45,-8,17,37,250,98,3,53,0
142,75,50,-6,35,30,197,1,4,44,0
126,17,33,-14,32,19,259,86,4,44,0
169,38,23,-14,13,33,261,75,3,51,0
138,48,53,-12,8,49,517,70,6,74,0
106,66,65,-10,19,45,356,45,5,58,0
135,33,65,-11,22,52,272,43,3,42,0
167,68,50,-4,6,47,262,1,3,74,0
125,91,45,-4,23,81,226,3,4,70,0
140,95,58,-9,47,30,456,0,4,65,0
109,91,53,-5,7,49,171,1,8,72,0
127,54,38,-5,9,19,276,2,3,57,0
125,41,67,-8,10,50,238,84,3,68,0
123,89,53,-4,29,80,249,8,3,83,1
81,47,48,-10,13,42,305,19,3,77,1
95,72,27,-6,6,26,320,1,3,42,0
140,40,51,-13,11,23,150,25,3,74,0
129,37,43,-10,32,19,278,37,3,68,0
75,38,40,-7,12,23,277,70,3,73,0
131,71,78,-9,6,61,414,46,19,39,0
116,87,64,-6,8,81,243,14,3,70,0
91,42,44,-9,13,45,287,9,2,63,0
119,63,63,-8,17,49,271,45,3,76,1
84,79,10,-4,36,18,277,0,4,55,0
125,88,56,-3,87,51,317,0,3,69,0
98,62,66,-9,7,66,256,51,3,35,0
111,84,62,-5,18,26,343,26,4,71,0
146,92,64,-4,9,85,258,3,8,83,1
122,72,40,-9,5,48,258,0,6,71,0
68,51,33,-9,37,29,215,40,6,53,0
99,65,59,-9,13,39,245,22,3,58,0
90,26,75,-15,12,13,206,70,4,45,0
105,88,66,-5,14,86,238,2,4,66,0
121,3,31,-22,16,14,261,73,4,64,0
111,74,60,-11,68,62,321,44,10,63,0
131,32,29,-8,19,20,215,86,3,49,0
99,48,59,-10,9,15,353,64,2,39,0
134,63,65,-10,11,87,257,2,3,57,0
122,93,63,-4,9,97,213,4,4,76,1
123,90,52,-7,7,36,288,0,6,69,0
132,49,72,-12,11,97,216,73,4,39,0
148,91,27,-5,15,48,200,0,7,51,0
124,72,54,-9,26,47,181,2,4,69,0
110,85,78,-4,12,62,250,5,7,75,0
89,85,63,-6,6,43,325,0,3,63,0
106,27,72,-8,11,18,227,73,3,62,0
176,60,50,-9,22,47,289,6,3,48,0
81,71,45,-10,21,77,267,23,5,74,0
175,87,37,-5,23,48,259,0,4,71,0
138,57,37,-11,9,30,246,2,3,59,0
118,44,48,-15,22,76,235,0,4,69,0
97,15,52,-20,12,21,174,13,3,66,0
98,73,60,-7,14,29,264,1,3,72,0
178,80,66,-5,7,84,229,20,15,80,1
129,67,62,-10,33,78,212,0,4,72,0
144,55,54,-7,13,23,239,5,2,75,0
123,68,53,-4,12,55,298,0,4,56,0
94,46,56,-7,21,45,270,38,2,49,0
129,50,86,-7,10,72,245,59,4,76,1
170,34,25,-16,14,37,450,80,3,36,0
110,43,54,-12,14,11,296,0,3,80,1
114,60,88,-11,14,96,201,28,4,53,0
152,81,32,-7,15,12,202,8,5,40,0
148,63,49,-7,9,8,275,68,3,80,1
200,42,29,-9,10,35,232,84,4,48,0
120,30,46,-13,11,33,355,69,3,66,0
160,64,59,-8,13,56,185,56,10,71,0
84,13,21,-14,96,17,272,73,3,31,0
136,6,32,-22,14,26,191,83,4,50,0
96,65,83,-3,9,93,234,58,8,87,1
160,80,49,-10,7,97,174,27,4,71,0
127,47,76,-7,10,77,157,54,4,33,0
110,86,77,-6,16,89,173,10,3,80,1
204,41,62,-12,9,74,252,68,4,65,0
87,57,60,-8,8,49,361,44,3,54,0
128,84,49,-5,35,56,198,0,4,63,0
126,86,67,-5,10,80,268,18,3,81,1
98,91,53,-4,23,81,178,2,3,75,0
81,25,39,-11,10,20,177,79,4,59,0
98,62,60,-7,8,5,265,0,3,45,0
143,40,44,-8,11,41,243,63,3,79,1
171,50,40,-11,11,37,327,8,7,66,0
92,57,62,-8,11,34,243,10,3,52,0
112,36,48,-13,30,32,410,47,4,43,0
143,76,56,-7,8,93,214,0,3,65,0
118,39,47,-14,14,55,241,64,3,63,0
76,71,52,-7,18,54,264,25,4,67,0
92,42,81,-15,10,84,157,75,4,58,0
60,22,23,-13,27,18,214,95,3,66,0
124,46,56,-7,10,19,245,72,3,38,0
118,31,65,-9,7,61,180,57,4,77,1
96,50,92,-10,7,56,194,1,10,46,0
141,71,75,-10,10,90,283,9,3,41,0
134,80,65,-7,8,78,200,12,5,73,0
127,63,43,-12,11,74,220,3,4,65,0
163,92,33,-4,13,34,290,6,6,63,0
162,62,32,-6,60,36,308,3,3,40,0
142,18,44,-16,24,35,358,84,3,40,0
132,63,55,-12,37,79,186,3,3,46,0
114,34,44,-11,10,8,266,4,3,65,0
112,65,58,-8,11,13,286,1,3,52,0
115,73,71,-6,13,93,242,28,3,52,0
122,77,30,-3,12,9,467,0,3,52,0
101,78,44,-5,29,19,602,1,4,38,0
113,42,74,-10,10,58,259,36,3,43,0
130,62,44,-11,17,70,517,6,3,56,0
170,66,46,-9,33,53,274,3,6,72,0
107,29,55,-13,9,32,151,49,3,69,0
84,56,53,-8,30,38,327,70,3,56,0
144,90,43,-4,21,60,279,0,4,51,0
148,92,36,-4,10,23,223,0,8,77,1
121,37,51,-9,32,20,362,50,3,61,0
131,48,30,-12,73,24,231,77,6,44,0
106,80,67,-9,6,76,184,3,4,62,0
168,82,51,-11,14,7,232,0,3,51,0
73,18,26,-10,12,11,319,84,3,57,0
121,67,76,-13,7,91,215,21,4,69,0
161,56,44,-12,21,50,194,5,12,64,0
94,9,48,-18,11,22,256,89,4,65,0
141,63,41,-10,51,80,581,0,6,43,0
153,40,54,-10,16,24,289,58,4,73,0
125,63,39,-7,13,72,153,72,3,72,0
112,92,64,-4,15,53,264,0,4,74,0
96,91,56,-2,35,73,282,2,4,76,1
127,58,79,-10,17,26,527,18,4,55,0
110,86,50,-4,64,24,186,0,4,81,1
105,83,35,-5,8,15,319,0,4,76,1
117,47,73,-13,14,58,284,17,4,26,0
102,72,59,-13,93,72,255,20,5,44,0
96,38,54,-7,8,39,204,52,3,49,0
172,76,34,-7,35,33,251,0,4,39,0
106,67,57,-10,11,25,305,2,3,58,0
108,54,86,-9,7,87,166,58,8,73,0
125,47,60,-8,6,49,211,10,3,67,0
110,64,70,-9,28,65,211,22,17,53,0
134,51,41,-9,69,38,257,52,4,39,0
144,75,66,-11,28,97,170,10,3,68,0
131,76,48,-5,31,45,277,1,3,69,0
123,80,46,-3,8,51,255,0,6,78,1
178,29,30,-16,29,14,280,67,5,31,0
141,30,71,-12,10,48,203,44,3,44,0
177,37,43,-12,11,65,125,18,4,69,0
94,13,69,-14,6,37,138,75,3,74,0
147,90,53,-9,14,91,205,0,4,64,0
168,47,28,-8,16,25,257,24,3,66,0
126,75,57,-5,9,90,180,40,3,61,0
92,74,70,-7,11,20,302,7,7,74,0
111,86,56,-8,23,94,418,0,3,53,0
116,33,53,-10,11,11,526,69,5,73,0
104,6,49,-24,10,6,409,83,4,53,0
159,99,24,-4,83,37,187,1,10,58,0
114,54,81,-13,16,85,221,18,4,73,0
125,55,44,-10,18,49,251,13,4,43,0
174,13,50,-13,10,28,256,88,6,29,0
89,47,86,-9,27,84,184,0,5,74,0
110,41,50,-6,11,45,182,75,3,85,1
123,66,68,-6,6,49,257,0,4,68,0
102,58,52,-10,11,34,211,3,3,52,0
122,87,55,-4,21,32,240,0,3,73,0
90,43,39,-9,11,43,326,24,4,64,0
145,27,40,-12,10,9,225,74,3,69,0
80,97,73,-2,18,97,235,10,7,79,1
90,39,53,-8,9,16,217,65,3,75,0
150,40,45,-12,6,17,332,3,3,24,0
132,29,54,-10,71,19,206,97,3,53,0
138,44,46,-9,10,15,294,66,3,39,0
112,32,38,-12,12,12,295,73,3,58,0
115,61,67,-11,11,67,181,41,3,51,0
115,69,57,-11,5,57,377,60,28,56,0
139,97,54,-6,12,93,166,42,9,67,0
83,63,41,-7,8,44,220,51,7,53,0
181,62,61,-17,45,96,210,24,8,54,0
177,21,49,-11,10,22,179,96,4,42,0
82,24,55,-14,12,33,413,18,4,37,0
81,54,56,-9,16,31,207,9,3,32,0
100,68,51,-8,8,79,185,36,4,58,0
81,62,63,-11,10,42,355,34,6,53,0
100,80,79,-6,11,27,319,43,4,64,0
206,89,38,-9,3,80,247,3,4,67,0
82,47,41,-7,10,39,210,56,3,61,0
121,80,96,-5,9,84,430,0,15,70,0
145,43,41,-11,15,28,377,38,3,79,1
107,71,85,-6,17,82,215,1,8,74,0
80,77,78,-4,52,51,404,4,24,75,0
87,65,66,-4,6,37,203,12,5,73,0
135,79,50,-11,17,81,207,17,7,39,0
122,74,64,-4,10,36,263,27,4,80,1
108,61,57,-9,10,69,185,56,4,41,0
114,66,60,-13,7,91,139,54,6,41,0
82,50,33,-16,13,11,"1,367",11,4,48,0
145,99,64,-7,16,17,378,1,5,56,0
85,94,44,-3,9,78,182,0,6,79,1
121,95,70,-4,9,89,192,64,7,50,0
95,20,54,-19,33,23,257,86,3,55,0
113,94,73,-12,15,92,213,14,4,66,0
113,40,69,-10,6,55,255,37,3,49,0
126,80,63,-8,40,87,232,20,3,69,0
136,92,47,-4,26,54,235,0,4,74,0
104,61,28,-5,10,8,403,0,3,72,0
73,73,21,-6,30,17,393,18,6,49,0
156,97,31,-5,7,60,211,12,4,34,0
71,58,39,-7,22,38,295,47,3,63,0
132,7,19,-24,11,4,148,95,4,38,0
103,44,69,-11,11,44,146,45,3,74,0
97,14,32,-10,18,8,414,93,3,73,0
132,39,35,-10,15,36,153,22,3,60,0
118,98,85,-4,31,60,258,25,8,76,1
150,43,49,-8,12,31,315,10,3,59,0
119,26,67,-14,6,37,147,45,5,77,1
177,80,54,-9,8,89,220,7,3,56,0
80,9,46,-15,8,31,282,97,3,62,0
138,62,63,-7,16,50,225,54,3,58,0
122,97,45,-5,10,20,217,3,11,74,0
170,46,18,-9,9,13,267,74,4,40,0
120,34,82,-16,50,79,254,14,4,59,0
102,59,77,-12,27,72,262,12,3,47,0
100,88,62,-3,33,78,171,7,10,80,1
91,27,40,-16,26,29,228,88,7,49,0
117,34,65,-12,7,39,280,49,4,58,0
141,76,37,-6,53,66,289,62,4,66,0
109,59,41,-5,28,56,204,55,3,68,0
49,37,39,-11,8,51,293,21,3,78,1
144,91,59,-8,60,93,244,15,4,59,0
140,90,23,-7,96,49,239,0,6,42,0
87,35,39,-7,17,44,142,86,3,64,0
105,40,61,-15,5,71,244,10,3,33,0
110,64,52,-6,32,66,180,57,3,59,0
143,76,60,-12,10,84,409,6,5,48,0
134,89,50,-5,22,26,293,0,4,81,1
174,54,65,-13,19,90,255,12,3,58,0
109,85,28,-6,18,29,318,4,4,73,0
139,80,76,-6,17,91,258,3,4,60,0
128,76,78,-8,8,82,280,18,5,75,0
90,38,42,-13,27,52,182,73,3,66,0
98,50,39,-12,7,29,247,34,18,70,0
168,94,32,-7,10,54,178,3,10,71,0
122,72,62,-10,76,89,176,20,4,48,0
142,66,36,-8,6,38,237,10,3,32,0
147,68,40,-6,68,60,212,18,3,47,0
68,45,44,-7,11,24,305,89,4,55,0
175,10,38,-21,6,44,165,91,5,69,0
131,22,46,-10,11,15,243,90,3,41,0
129,64,67,-7,14,89,223,22,3,41,0
108,38,61,-10,10,20,259,61,5,84,1
118,62,65,-9,8,64,211,20,3,56,0
113,45,37,-10,69,19,521,4,3,75,0
75,51,36,-9,17,32,264,6,3,74,0
179,36,53,-11,24,17,452,28,4,36,0
85,53,55,-8,22,41,272,19,3,82,1
91,82,53,-5,26,47,248,7,5,74,0
86,41,21,-10,8,16,306,17,4,72,0
82,77,56,-10,12,43,261,12,3,73,0
73,40,41,-8,16,21,259,58,3,49,0
124,69,83,-8,8,85,216,33,3,81,1
145,46,31,-9,13,43,188,16,3,66,0
105,55,75,-7,13,45,233,46,10,59,0
90,71,51,-3,33,43,175,19,3,73,0
133,97,51,-4,19,53,305,0,4,61,0
160,74,27,-5,63,42,321,5,4,75,0
123,65,55,-7,12,37,212,58,3,70,0
105,76,73,-5,6,54,228,13,3,61,0
124,46,93,-9,6,76,256,14,31,73,0
111,74,66,-10,32,89,236,23,3,32,0
115,31,55,-12,11,41,218,51,4,66,0
91,47,53,-9,13,12,294,28,2,64,0
104,88,80,-7,14,82,281,19,4,70,0
174,89,36,-7,13,26,294,2,12,68,0
161,84,26,-7,28,46,157,0,10,56,0
136,76,53,-12,34,51,214,0,3,67,0
148,48,81,-10,5,62,180,1,6,78,1
125,92,52,-7,2,73,234,2,5,34,0
118,77,53,-5,12,30,257,0,4,54,0
98,56,70,-7,28,51,183,25,5,68,0
129,57,61,-11,7,54,350,56,4,72,0
77,89,69,-6,3,91,182,9,3,56,0
132,71,42,-11,3,64,205,14,3,19,0
125,85,48,-9,4,94,155,64,5,74,0
177,90,50,-7,14,77,183,36,18,79,1
118,17,43,-11,11,14,296,42,4,54,0
110,89,60,-9,17,53,323,10,5,44,0
164,72,48,-5,10,25,405,5,6,70,0
163,46,36,-14,92,18,337,29,7,67,0
115,61,86,-7,3,93,270,1,8,82,1
133,80,52,-6,61,63,257,0,3,58,0
104,46,31,-9,14,32,213,42,3,69,0
94,32,47,-10,12,17,320,62,3,74,0
174,72,43,-6,9,69,268,10,4,78,1
95,45,60,-6,11,17,263,16,2,87,1
92,90,50,-7,15,67,275,1,6,30,0
128,32,55,-11,10,33,242,83,3,77,1
77,52,44,-9,15,18,305,18,3,64,0
144,55,27,-8,12,20,374,3,3,68,0
134,53,59,-10,12,31,287,38,4,57,0
100,76,51,-7,14,35,220,1,7,51,0
98,93,42,-5,11,34,457,41,13,60,0
135,89,50,-5,73,70,283,9,5,72,0
121,47,56,-8,15,40,193,45,3,68,0
72,33,45,-13,14,27,184,82,4,73,0
130,41,61,-9,23,23,223,54,3,63,0
94,77,37,-6,9,42,248,18,7,59,0
89,75,61,-9,14,61,277,32,9,48,0
118,82,67,-9,5,78,629,3,8,59,0
106,72,82,-10,7,89,252,8,5,64,0
115,55,54,-7,12,48,237,53,4,64,0
156,48,62,-9,23,73,259,6,9,50,0
179,54,45,-7,6,61,266,68,3,62,0
117,73,49,-9,16,83,236,0,9,61,0
68,47,35,-9,66,20,150,94,4,47,0
117,41,71,-14,15,65,227,38,4,48,0
107,79,75,-5,5,89,221,5,3,74,0
131,75,58,-7,18,26,308,60,3,76,1
160,80,65,-5,33,94,219,6,17,66,0
123,82,58,-9,6,64,332,0,3,74,0
133,72,68,-8,37,77,274,11,3,48,0
134,75,62,-9,5,66,192,4,36,78,1
134,82,72,-6,85,87,322,3,5,69,0
108,40,49,-8,14,15,598,49,3,67,0
117,54,59,-11,31,59,302,18,3,66,0
150,80,25,-4,31,25,309,13,4,73,0
126,34,47,-8,11,24,165,86,4,63,0
120,47,46,-10,44,64,149,51,3,62,0
99,87,55,-6,17,54,234,1,3,77,1
66,9,36,-18,11,19,187,92,5,59,0
112,81,65,-5,14,82,173,0,3,66,0
145,89,64,-5,34,94,167,14,4,33,0
105,50,70,-13,32,68,222,6,3,68,0
100,47,32,-7,95,25,208,26,3,42,0
90,66,54,-8,55,49,214,14,4,48,0
138,55,59,-8,29,50,171,0,3,26,0
120,85,60,-5,12,15,203,2,46,84,1
129,59,93,-12,11,96,219,43,5,41,0
120,90,52,-5,10,24,322,0,4,72,0
98,65,69,-8,11,71,255,29,3,72,0
119,4,47,-22,11,18,311,95,4,63,0
100,80,71,-6,8,63,259,1,4,76,1
122,51,48,-10,17,51,242,38,4,54,0
90,30,64,-10,10,44,238,62,3,36,0
142,63,76,-10,4,93,181,35,31,45,0
90,52,63,-6,35,43,249,11,3,68,0
164,85,25,-7,5,19,387,4,6,67,0
119,83,48,-7,32,82,394,18,9,67,0
113,93,26,-7,11,28,417,0,11,62,0
89,77,41,-8,24,43,388,51,4,31,0
91,37,75,-10,11,47,287,27,3,71,0
82,52,43,-9,22,56,216,80,7,52,0
175,76,36,-8,76,95,136,73,6,69,0
137,47,47,-10,16,57,269,18,4,62,0
151,58,49,-11,41,91,183,18,4,79,1
110,76,50,-6,9,33,287,7,3,53,0
130,73,70,-8,10,64,243,43,3,66,0
138,85,60,-6,6,9,235,1,6,58,0
129,39,59,-14,7,15,423,13,6,46,0
119,70,67,-8,20,66,314,42,3,67,0
109,41,81,-9,8,50,223,11,4,59,0
97,79,71,-4,20,90,221,32,11,48,0
146,28,49,-14,12,17,360,30,3,60,0
152,52,45,-10,10,25,312,32,4,77,1
135,63,42,-7,59,81,245,75,8,53,0
117,27,39,-14,11,17,275,17,3,56,0
132,76,80,-11,5,96,288,8,3,73,0
79,45,78,-6,18,59,282,47,3,84,1
129,16,63,-21,12,18,239,93,3,43,0
107,57,59,-10,8,95,233,16,7,72,0
104,41,79,-15,14,39,169,41,5,59,0
119,82,71,-9,9,87,291,21,5,81,1
95,40,54,-11,10,23,341,70,3,62,0
113,31,65,-12,12,41,303,53,3,71,0
115,85,73,-7,44,74,261,13,4,65,0
133,81,86,-8,12,85,161,31,4,49,0
122,87,64,-3,29,45,185,49,12,72,0
114,79,60,-6,39,24,217,1,7,79,1
155,54,27,-7,10,33,285,49,3,54,0
86,58,54,-5,11,34,328,11,3,76,1
160,61,43,-8,6,37,391,2,3,66,0
182,50,40,-11,13,82,149,39,8,61,0
101,77,56,-9,9,66,277,1,4,76,1
132,55,85,-5,8,81,219,15,4,74,0
114,77,56,-9,21,43,338,7,4,46,0
128,69,56,-11,20,75,345,53,4,63,0
168,77,38,-6,27,42,185,0,4,57,0
135,90,40,-5,54,84,193,7,4,67,0
94,68,54,-9,9,47,219,1,6,21,0
113,55,67,-8,9,29,287,74,3,70,0
117,93,38,-2,81,40,639,18,10,26,0
100,63,63,-12,4,87,245,4,7,77,1
128,87,58,-4,26,62,199,1,6,82,1
123,73,48,-8,11,87,140,57,17,65,0
82,57,62,-12,6,90,231,27,4,79,1
98,69,67,-7,10,83,213,6,3,41,0
76,26,55,-12,9,17,188,91,3,78,1
138,42,21,-9,11,12,296,16,3,81,1
134,41,46,-8,10,9,227,50,3,63,0
172,40,39,-8,8,59,192,89,3,69,0
109,51,74,-16,14,90,210,2,3,54,0
127,79,46,-7,8,52,295,55,4,59,0
120,82,50,-6,9,54,219,0,4,72,0
154,38,35,-16,5,48,276,9,3,60,0
132,82,70,-7,35,83,340,44,3,53,0
115,52,65,-14,10,45,389,0,3,58,0
80,50,50,-11,20,34,201,35,5,63,0
125,64,55,-7,22,15,268,1,3,78,1
142,97,48,-7,6,49,163,7,9,66,0
114,59,49,-6,9,19,270,3,5,76,1
100,25,55,-18,69,29,149,94,6,46,0
120,69,79,-4,14,22,243,8,3,59,0
97,74,57,-6,9,66,258,6,3,62,0
133,67,67,-10,16,87,382,20,2,65,0
116,87,55,-5,46,61,303,0,3,66,0
170,39,19,-14,12,32,371,26,4,65,0
121,36,57,-10,17,9,236,51,3,55,0
80,81,37,-6,8,65,209,3,5,57,0
156,87,56,-5,77,60,209,5,16,76,1
132,63,69,-7,6,74,319,1,4,42,0
131,59,43,-12,36,46,345,22,3,45,0
109,65,65,-10,18,72,221,4,2,54,0
116,74,67,-5,24,75,201,29,5,82,1
174,78,68,-6,8,87,270,3,8,47,0
142,51,60,-10,11,35,218,5,4,67,0
143,83,54,-6,17,71,178,11,3,54,0
120,75,62,-5,9,56,221,64,5,65,0
131,53,87,-13,20,96,250,1,8,50,0
100,78,60,-6,11,42,256,1,3,62,0
112,81,60,-5,85,77,197,63,5,48,0
115,60,62,-8,12,58,228,14,4,24,0
105,59,43,-6,24,15,330,2,3,45,0
93,49,44,-14,16,63,309,70,6,72,0
141,98,31,-3,26,63,211,9,10,42,0
77,68,36,-6,34,20,343,32,3,75,0
88,87,25,-4,12,13,268,5,5,56,0
73,25,49,-11,8,27,202,88,3,52,0
114,46,69,-12,6,70,312,25,3,50,0
130,47,80,-9,32,59,344,25,4,58,0
96,64,59,-10,9,49,256,9,3,58,0
87,33,52,-14,12,12,267,58,3,61,0
135,92,69,-6,8,23,511,30,6,65,0
136,86,72,-6,6,97,196,15,4,45,0
99,51,60,-11,11,60,274,20,2,62,0
100,55,59,-12,11,64,264,47,3,43,0
84,45,62,-13,6,57,256,21,3,76,1
130,70,79,-10,8,86,451,0,6,73,0
83,88,56,-9,38,67,408,38,6,45,0
127,90,73,-4,37,76,236,0,14,75,0
85,76,37,-9,58,64,302,22,5,62,0
75,41,52,-13,35,28,511,20,3,59,0
102,63,68,-9,31,48,261,36,3,60,0
104,86,53,-5,24,86,291,19,3,46,0
93,72,53,-10,8,76,241,13,3,51,0
169,84,47,-6,11,69,158,0,6,63,0
135,75,73,-10,20,64,179,9,3,60,0
169,26,47,-11,12,46,309,88,3,68,0
82,38,68,-10,10,23,337,42,3,50,0
77,70,41,-9,11,37,309,22,3,64,0
